path,target
clock_0.jpg,"[1, 0]"
clock_1.jpg,"[1, 1]"
clock_2.jpg,"[1, 2]"
clock_3.jpg,"[1, 3]"
clock_4.jpg,"[1, 4]"
clock_5.jpg,"[1, 5]"
clock_6.jpg,"[1, 6]"
clock_7.jpg,"[1, 7]"
clock_8.jpg,"[1, 8]"
clock_9.jpg,"[1, 9]"
clock_10.jpg,"[1, 10]"
clock_11.jpg,"[1, 11]"
clock_12.jpg,"[1, 12]"
clock_13.jpg,"[1, 13]"
clock_14.jpg,"[1, 14]"
clock_15.jpg,"[1, 15]"
clock_16.jpg,"[1, 16]"
clock_17.jpg,"[1, 17]"
clock_18.jpg,"[1, 18]"
clock_19.jpg,"[1, 19]"
clock_20.jpg,"[1, 20]"
clock_21.jpg,"[1, 21]"
clock_22.jpg,"[1, 22]"
clock_23.jpg,"[1, 23]"
clock_24.jpg,"[1, 24]"
clock_25.jpg,"[1, 25]"
clock_26.jpg,"[1, 26]"
clock_27.jpg,"[1, 27]"
clock_28.jpg,"[1, 28]"
clock_29.jpg,"[1, 29]"
clock_30.jpg,"[1, 30]"
clock_31.jpg,"[1, 31]"
clock_32.jpg,"[1, 32]"
clock_33.jpg,"[1, 33]"
clock_34.jpg,"[1, 34]"
clock_35.jpg,"[1, 35]"
clock_36.jpg,"[1, 36]"
clock_37.jpg,"[1, 37]"
clock_38.jpg,"[1, 38]"
clock_39.jpg,"[1, 39]"
clock_40.jpg,"[1, 40]"
clock_41.jpg,"[1, 41]"
clock_42.jpg,"[1, 42]"
clock_43.jpg,"[1, 43]"
clock_44.jpg,"[1, 44]"
clock_45.jpg,"[1, 45]"
clock_46.jpg,"[1, 46]"
clock_47.jpg,"[1, 47]"
clock_48.jpg,"[1, 48]"
clock_49.jpg,"[1, 49]"
clock_50.jpg,"[1, 50]"
clock_51.jpg,"[1, 51]"
clock_52.jpg,"[1, 52]"
clock_53.jpg,"[1, 53]"
clock_54.jpg,"[1, 54]"
clock_55.jpg,"[1, 55]"
clock_56.jpg,"[1, 56]"
clock_57.jpg,"[1, 57]"
clock_58.jpg,"[1, 58]"
clock_59.jpg,"[1, 59]"
clock_60.jpg,"[2, 0]"
clock_61.jpg,"[2, 1]"
clock_62.jpg,"[2, 2]"
clock_63.jpg,"[2, 3]"
clock_64.jpg,"[2, 4]"
clock_65.jpg,"[2, 5]"
clock_66.jpg,"[2, 6]"
clock_67.jpg,"[2, 7]"
clock_68.jpg,"[2, 8]"
clock_69.jpg,"[2, 9]"
clock_70.jpg,"[2, 10]"
clock_71.jpg,"[2, 11]"
clock_72.jpg,"[2, 12]"
clock_73.jpg,"[2, 13]"
clock_74.jpg,"[2, 14]"
clock_75.jpg,"[2, 15]"
clock_76.jpg,"[2, 16]"
clock_77.jpg,"[2, 17]"
clock_78.jpg,"[2, 18]"
clock_79.jpg,"[2, 19]"
clock_80.jpg,"[2, 20]"
clock_81.jpg,"[2, 21]"
clock_82.jpg,"[2, 22]"
clock_83.jpg,"[2, 23]"
clock_84.jpg,"[2, 24]"
clock_85.jpg,"[2, 25]"
clock_86.jpg,"[2, 26]"
clock_87.jpg,"[2, 27]"
clock_88.jpg,"[2, 28]"
clock_89.jpg,"[2, 29]"
clock_90.jpg,"[2, 30]"
clock_91.jpg,"[2, 31]"
clock_92.jpg,"[2, 32]"
clock_93.jpg,"[2, 33]"
clock_94.jpg,"[2, 34]"
clock_95.jpg,"[2, 35]"
clock_96.jpg,"[2, 36]"
clock_97.jpg,"[2, 37]"
clock_98.jpg,"[2, 38]"
clock_99.jpg,"[2, 39]"
clock_100.jpg,"[2, 40]"
clock_101.jpg,"[2, 41]"
clock_102.jpg,"[2, 42]"
clock_103.jpg,"[2, 43]"
clock_104.jpg,"[2, 44]"
clock_105.jpg,"[2, 45]"
clock_106.jpg,"[2, 46]"
clock_107.jpg,"[2, 47]"
clock_108.jpg,"[2, 48]"
clock_109.jpg,"[2, 49]"
clock_110.jpg,"[2, 50]"
clock_111.jpg,"[2, 51]"
clock_112.jpg,"[2, 52]"
clock_113.jpg,"[2, 53]"
clock_114.jpg,"[2, 54]"
clock_115.jpg,"[2, 55]"
clock_116.jpg,"[2, 56]"
clock_117.jpg,"[2, 57]"
clock_118.jpg,"[2, 58]"
clock_119.jpg,"[2, 59]"
clock_120.jpg,"[3, 0]"
clock_121.jpg,"[3, 1]"
clock_122.jpg,"[3, 2]"
clock_123.jpg,"[3, 3]"
clock_124.jpg,"[3, 4]"
clock_125.jpg,"[3, 5]"
clock_126.jpg,"[3, 6]"
clock_127.jpg,"[3, 7]"
clock_128.jpg,"[3, 8]"
clock_129.jpg,"[3, 9]"
clock_130.jpg,"[3, 10]"
clock_131.jpg,"[3, 11]"
clock_132.jpg,"[3, 12]"
clock_133.jpg,"[3, 13]"
clock_134.jpg,"[3, 14]"
clock_135.jpg,"[3, 15]"
clock_136.jpg,"[3, 16]"
clock_137.jpg,"[3, 17]"
clock_138.jpg,"[3, 18]"
clock_139.jpg,"[3, 19]"
clock_140.jpg,"[3, 20]"
clock_141.jpg,"[3, 21]"
clock_142.jpg,"[3, 22]"
clock_143.jpg,"[3, 23]"
clock_144.jpg,"[3, 24]"
clock_145.jpg,"[3, 25]"
clock_146.jpg,"[3, 26]"
clock_147.jpg,"[3, 27]"
clock_148.jpg,"[3, 28]"
clock_149.jpg,"[3, 29]"
clock_150.jpg,"[3, 30]"
clock_151.jpg,"[3, 31]"
clock_152.jpg,"[3, 32]"
clock_153.jpg,"[3, 33]"
clock_154.jpg,"[3, 34]"
clock_155.jpg,"[3, 35]"
clock_156.jpg,"[3, 36]"
clock_157.jpg,"[3, 37]"
clock_158.jpg,"[3, 38]"
clock_159.jpg,"[3, 39]"
clock_160.jpg,"[3, 40]"
clock_161.jpg,"[3, 41]"
clock_162.jpg,"[3, 42]"
clock_163.jpg,"[3, 43]"
clock_164.jpg,"[3, 44]"
clock_165.jpg,"[3, 45]"
clock_166.jpg,"[3, 46]"
clock_167.jpg,"[3, 47]"
clock_168.jpg,"[3, 48]"
clock_169.jpg,"[3, 49]"
clock_170.jpg,"[3, 50]"
clock_171.jpg,"[3, 51]"
clock_172.jpg,"[3, 52]"
clock_173.jpg,"[3, 53]"
clock_174.jpg,"[3, 54]"
clock_175.jpg,"[3, 55]"
clock_176.jpg,"[3, 56]"
clock_177.jpg,"[3, 57]"
clock_178.jpg,"[3, 58]"
clock_179.jpg,"[3, 59]"
clock_180.jpg,"[4, 0]"
clock_181.jpg,"[4, 1]"
clock_182.jpg,"[4, 2]"
clock_183.jpg,"[4, 3]"
clock_184.jpg,"[4, 4]"
clock_185.jpg,"[4, 5]"
clock_186.jpg,"[4, 6]"
clock_187.jpg,"[4, 7]"
clock_188.jpg,"[4, 8]"
clock_189.jpg,"[4, 9]"
clock_190.jpg,"[4, 10]"
clock_191.jpg,"[4, 11]"
clock_192.jpg,"[4, 12]"
clock_193.jpg,"[4, 13]"
clock_194.jpg,"[4, 14]"
clock_195.jpg,"[4, 15]"
clock_196.jpg,"[4, 16]"
clock_197.jpg,"[4, 17]"
clock_198.jpg,"[4, 18]"
clock_199.jpg,"[4, 19]"
clock_200.jpg,"[4, 20]"
clock_201.jpg,"[4, 21]"
clock_202.jpg,"[4, 22]"
clock_203.jpg,"[4, 23]"
clock_204.jpg,"[4, 24]"
clock_205.jpg,"[4, 25]"
clock_206.jpg,"[4, 26]"
clock_207.jpg,"[4, 27]"
clock_208.jpg,"[4, 28]"
clock_209.jpg,"[4, 29]"
clock_210.jpg,"[4, 30]"
clock_211.jpg,"[4, 31]"
clock_212.jpg,"[4, 32]"
clock_213.jpg,"[4, 33]"
clock_214.jpg,"[4, 34]"
clock_215.jpg,"[4, 35]"
clock_216.jpg,"[4, 36]"
clock_217.jpg,"[4, 37]"
clock_218.jpg,"[4, 38]"
clock_219.jpg,"[4, 39]"
clock_220.jpg,"[4, 40]"
clock_221.jpg,"[4, 41]"
clock_222.jpg,"[4, 42]"
clock_223.jpg,"[4, 43]"
clock_224.jpg,"[4, 44]"
clock_225.jpg,"[4, 45]"
clock_226.jpg,"[4, 46]"
clock_227.jpg,"[4, 47]"
clock_228.jpg,"[4, 48]"
clock_229.jpg,"[4, 49]"
clock_230.jpg,"[4, 50]"
clock_231.jpg,"[4, 51]"
clock_232.jpg,"[4, 52]"
clock_233.jpg,"[4, 53]"
clock_234.jpg,"[4, 54]"
clock_235.jpg,"[4, 55]"
clock_236.jpg,"[4, 56]"
clock_237.jpg,"[4, 57]"
clock_238.jpg,"[4, 58]"
clock_239.jpg,"[4, 59]"
clock_240.jpg,"[5, 0]"
clock_241.jpg,"[5, 1]"
clock_242.jpg,"[5, 2]"
clock_243.jpg,"[5, 3]"
clock_244.jpg,"[5, 4]"
clock_245.jpg,"[5, 5]"
clock_246.jpg,"[5, 6]"
clock_247.jpg,"[5, 7]"
clock_248.jpg,"[5, 8]"
clock_249.jpg,"[5, 9]"
clock_250.jpg,"[5, 10]"
clock_251.jpg,"[5, 11]"
clock_252.jpg,"[5, 12]"
clock_253.jpg,"[5, 13]"
clock_254.jpg,"[5, 14]"
clock_255.jpg,"[5, 15]"
clock_256.jpg,"[5, 16]"
clock_257.jpg,"[5, 17]"
clock_258.jpg,"[5, 18]"
clock_259.jpg,"[5, 19]"
clock_260.jpg,"[5, 20]"
clock_261.jpg,"[5, 21]"
clock_262.jpg,"[5, 22]"
clock_263.jpg,"[5, 23]"
clock_264.jpg,"[5, 24]"
clock_265.jpg,"[5, 25]"
clock_266.jpg,"[5, 26]"
clock_267.jpg,"[5, 27]"
clock_268.jpg,"[5, 28]"
clock_269.jpg,"[5, 29]"
clock_270.jpg,"[5, 30]"
clock_271.jpg,"[5, 31]"
clock_272.jpg,"[5, 32]"
clock_273.jpg,"[5, 33]"
clock_274.jpg,"[5, 34]"
clock_275.jpg,"[5, 35]"
clock_276.jpg,"[5, 36]"
clock_277.jpg,"[5, 37]"
clock_278.jpg,"[5, 38]"
clock_279.jpg,"[5, 39]"
clock_280.jpg,"[5, 40]"
clock_281.jpg,"[5, 41]"
clock_282.jpg,"[5, 42]"
clock_283.jpg,"[5, 43]"
clock_284.jpg,"[5, 44]"
clock_285.jpg,"[5, 45]"
clock_286.jpg,"[5, 46]"
clock_287.jpg,"[5, 47]"
clock_288.jpg,"[5, 48]"
clock_289.jpg,"[5, 49]"
clock_290.jpg,"[5, 50]"
clock_291.jpg,"[5, 51]"
clock_292.jpg,"[5, 52]"
clock_293.jpg,"[5, 53]"
clock_294.jpg,"[5, 54]"
clock_295.jpg,"[5, 55]"
clock_296.jpg,"[5, 56]"
clock_297.jpg,"[5, 57]"
clock_298.jpg,"[5, 58]"
clock_299.jpg,"[5, 59]"
clock_300.jpg,"[6, 0]"
clock_301.jpg,"[6, 1]"
clock_302.jpg,"[6, 2]"
clock_303.jpg,"[6, 3]"
clock_304.jpg,"[6, 4]"
clock_305.jpg,"[6, 5]"
clock_306.jpg,"[6, 6]"
clock_307.jpg,"[6, 7]"
clock_308.jpg,"[6, 8]"
clock_309.jpg,"[6, 9]"
clock_310.jpg,"[6, 10]"
clock_311.jpg,"[6, 11]"
clock_312.jpg,"[6, 12]"
clock_313.jpg,"[6, 13]"
clock_314.jpg,"[6, 14]"
clock_315.jpg,"[6, 15]"
clock_316.jpg,"[6, 16]"
clock_317.jpg,"[6, 17]"
clock_318.jpg,"[6, 18]"
clock_319.jpg,"[6, 19]"
clock_320.jpg,"[6, 20]"
clock_321.jpg,"[6, 21]"
clock_322.jpg,"[6, 22]"
clock_323.jpg,"[6, 23]"
clock_324.jpg,"[6, 24]"
clock_325.jpg,"[6, 25]"
clock_326.jpg,"[6, 26]"
clock_327.jpg,"[6, 27]"
clock_328.jpg,"[6, 28]"
clock_329.jpg,"[6, 29]"
clock_330.jpg,"[6, 30]"
clock_331.jpg,"[6, 31]"
clock_332.jpg,"[6, 32]"
clock_333.jpg,"[6, 33]"
clock_334.jpg,"[6, 34]"
clock_335.jpg,"[6, 35]"
clock_336.jpg,"[6, 36]"
clock_337.jpg,"[6, 37]"
clock_338.jpg,"[6, 38]"
clock_339.jpg,"[6, 39]"
clock_340.jpg,"[6, 40]"
clock_341.jpg,"[6, 41]"
clock_342.jpg,"[6, 42]"
clock_343.jpg,"[6, 43]"
clock_344.jpg,"[6, 44]"
clock_345.jpg,"[6, 45]"
clock_346.jpg,"[6, 46]"
clock_347.jpg,"[6, 47]"
clock_348.jpg,"[6, 48]"
clock_349.jpg,"[6, 49]"
clock_350.jpg,"[6, 50]"
clock_351.jpg,"[6, 51]"
clock_352.jpg,"[6, 52]"
clock_353.jpg,"[6, 53]"
clock_354.jpg,"[6, 54]"
clock_355.jpg,"[6, 55]"
clock_356.jpg,"[6, 56]"
clock_357.jpg,"[6, 57]"
clock_358.jpg,"[6, 58]"
clock_359.jpg,"[6, 59]"
clock_360.jpg,"[7, 0]"
clock_361.jpg,"[7, 1]"
clock_362.jpg,"[7, 2]"
clock_363.jpg,"[7, 3]"
clock_364.jpg,"[7, 4]"
clock_365.jpg,"[7, 5]"
clock_366.jpg,"[7, 6]"
clock_367.jpg,"[7, 7]"
clock_368.jpg,"[7, 8]"
clock_369.jpg,"[7, 9]"
clock_370.jpg,"[7, 10]"
clock_371.jpg,"[7, 11]"
clock_372.jpg,"[7, 12]"
clock_373.jpg,"[7, 13]"
clock_374.jpg,"[7, 14]"
clock_375.jpg,"[7, 15]"
clock_376.jpg,"[7, 16]"
clock_377.jpg,"[7, 17]"
clock_378.jpg,"[7, 18]"
clock_379.jpg,"[7, 19]"
clock_380.jpg,"[7, 20]"
clock_381.jpg,"[7, 21]"
clock_382.jpg,"[7, 22]"
clock_383.jpg,"[7, 23]"
clock_384.jpg,"[7, 24]"
clock_385.jpg,"[7, 25]"
clock_386.jpg,"[7, 26]"
clock_387.jpg,"[7, 27]"
clock_388.jpg,"[7, 28]"
clock_389.jpg,"[7, 29]"
clock_390.jpg,"[7, 30]"
clock_391.jpg,"[7, 31]"
clock_392.jpg,"[7, 32]"
clock_393.jpg,"[7, 33]"
clock_394.jpg,"[7, 34]"
clock_395.jpg,"[7, 35]"
clock_396.jpg,"[7, 36]"
clock_397.jpg,"[7, 37]"
clock_398.jpg,"[7, 38]"
clock_399.jpg,"[7, 39]"
clock_400.jpg,"[7, 40]"
clock_401.jpg,"[7, 41]"
clock_402.jpg,"[7, 42]"
clock_403.jpg,"[7, 43]"
clock_404.jpg,"[7, 44]"
clock_405.jpg,"[7, 45]"
clock_406.jpg,"[7, 46]"
clock_407.jpg,"[7, 47]"
clock_408.jpg,"[7, 48]"
clock_409.jpg,"[7, 49]"
clock_410.jpg,"[7, 50]"
clock_411.jpg,"[7, 51]"
clock_412.jpg,"[7, 52]"
clock_413.jpg,"[7, 53]"
clock_414.jpg,"[7, 54]"
clock_415.jpg,"[7, 55]"
clock_416.jpg,"[7, 56]"
clock_417.jpg,"[7, 57]"
clock_418.jpg,"[7, 58]"
clock_419.jpg,"[7, 59]"
clock_420.jpg,"[8, 0]"
clock_421.jpg,"[8, 1]"
clock_422.jpg,"[8, 2]"
clock_423.jpg,"[8, 3]"
clock_424.jpg,"[8, 4]"
clock_425.jpg,"[8, 5]"
clock_426.jpg,"[8, 6]"
clock_427.jpg,"[8, 7]"
clock_428.jpg,"[8, 8]"
clock_429.jpg,"[8, 9]"
clock_430.jpg,"[8, 10]"
clock_431.jpg,"[8, 11]"
clock_432.jpg,"[8, 12]"
clock_433.jpg,"[8, 13]"
clock_434.jpg,"[8, 14]"
clock_435.jpg,"[8, 15]"
clock_436.jpg,"[8, 16]"
clock_437.jpg,"[8, 17]"
clock_438.jpg,"[8, 18]"
clock_439.jpg,"[8, 19]"
clock_440.jpg,"[8, 20]"
clock_441.jpg,"[8, 21]"
clock_442.jpg,"[8, 22]"
clock_443.jpg,"[8, 23]"
clock_444.jpg,"[8, 24]"
clock_445.jpg,"[8, 25]"
clock_446.jpg,"[8, 26]"
clock_447.jpg,"[8, 27]"
clock_448.jpg,"[8, 28]"
clock_449.jpg,"[8, 29]"
clock_450.jpg,"[8, 30]"
clock_451.jpg,"[8, 31]"
clock_452.jpg,"[8, 32]"
clock_453.jpg,"[8, 33]"
clock_454.jpg,"[8, 34]"
clock_455.jpg,"[8, 35]"
clock_456.jpg,"[8, 36]"
clock_457.jpg,"[8, 37]"
clock_458.jpg,"[8, 38]"
clock_459.jpg,"[8, 39]"
clock_460.jpg,"[8, 40]"
clock_461.jpg,"[8, 41]"
clock_462.jpg,"[8, 42]"
clock_463.jpg,"[8, 43]"
clock_464.jpg,"[8, 44]"
clock_465.jpg,"[8, 45]"
clock_466.jpg,"[8, 46]"
clock_467.jpg,"[8, 47]"
clock_468.jpg,"[8, 48]"
clock_469.jpg,"[8, 49]"
clock_470.jpg,"[8, 50]"
clock_471.jpg,"[8, 51]"
clock_472.jpg,"[8, 52]"
clock_473.jpg,"[8, 53]"
clock_474.jpg,"[8, 54]"
clock_475.jpg,"[8, 55]"
clock_476.jpg,"[8, 56]"
clock_477.jpg,"[8, 57]"
clock_478.jpg,"[8, 58]"
clock_479.jpg,"[8, 59]"
clock_480.jpg,"[9, 0]"
clock_481.jpg,"[9, 1]"
clock_482.jpg,"[9, 2]"
clock_483.jpg,"[9, 3]"
clock_484.jpg,"[9, 4]"
clock_485.jpg,"[9, 5]"
clock_486.jpg,"[9, 6]"
clock_487.jpg,"[9, 7]"
clock_488.jpg,"[9, 8]"
clock_489.jpg,"[9, 9]"
clock_490.jpg,"[9, 10]"
clock_491.jpg,"[9, 11]"
clock_492.jpg,"[9, 12]"
clock_493.jpg,"[9, 13]"
clock_494.jpg,"[9, 14]"
clock_495.jpg,"[9, 15]"
clock_496.jpg,"[9, 16]"
clock_497.jpg,"[9, 17]"
clock_498.jpg,"[9, 18]"
clock_499.jpg,"[9, 19]"
clock_500.jpg,"[9, 20]"
clock_501.jpg,"[9, 21]"
clock_502.jpg,"[9, 22]"
clock_503.jpg,"[9, 23]"
clock_504.jpg,"[9, 24]"
clock_505.jpg,"[9, 25]"
clock_506.jpg,"[9, 26]"
clock_507.jpg,"[9, 27]"
clock_508.jpg,"[9, 28]"
clock_509.jpg,"[9, 29]"
clock_510.jpg,"[9, 30]"
clock_511.jpg,"[9, 31]"
clock_512.jpg,"[9, 32]"
clock_513.jpg,"[9, 33]"
clock_514.jpg,"[9, 34]"
clock_515.jpg,"[9, 35]"
clock_516.jpg,"[9, 36]"
clock_517.jpg,"[9, 37]"
clock_518.jpg,"[9, 38]"
clock_519.jpg,"[9, 39]"
clock_520.jpg,"[9, 40]"
clock_521.jpg,"[9, 41]"
clock_522.jpg,"[9, 42]"
clock_523.jpg,"[9, 43]"
clock_524.jpg,"[9, 44]"
clock_525.jpg,"[9, 45]"
clock_526.jpg,"[9, 46]"
clock_527.jpg,"[9, 47]"
clock_528.jpg,"[9, 48]"
clock_529.jpg,"[9, 49]"
clock_530.jpg,"[9, 50]"
clock_531.jpg,"[9, 51]"
clock_532.jpg,"[9, 52]"
clock_533.jpg,"[9, 53]"
clock_534.jpg,"[9, 54]"
clock_535.jpg,"[9, 55]"
clock_536.jpg,"[9, 56]"
clock_537.jpg,"[9, 57]"
clock_538.jpg,"[9, 58]"
clock_539.jpg,"[9, 59]"
clock_540.jpg,"[10, 0]"
clock_541.jpg,"[10, 1]"
clock_542.jpg,"[10, 2]"
clock_543.jpg,"[10, 3]"
clock_544.jpg,"[10, 4]"
clock_545.jpg,"[10, 5]"
clock_546.jpg,"[10, 6]"
clock_547.jpg,"[10, 7]"
clock_548.jpg,"[10, 8]"
clock_549.jpg,"[10, 9]"
clock_550.jpg,"[10, 10]"
clock_551.jpg,"[10, 11]"
clock_552.jpg,"[10, 12]"
clock_553.jpg,"[10, 13]"
clock_554.jpg,"[10, 14]"
clock_555.jpg,"[10, 15]"
clock_556.jpg,"[10, 16]"
clock_557.jpg,"[10, 17]"
clock_558.jpg,"[10, 18]"
clock_559.jpg,"[10, 19]"
clock_560.jpg,"[10, 20]"
clock_561.jpg,"[10, 21]"
clock_562.jpg,"[10, 22]"
clock_563.jpg,"[10, 23]"
clock_564.jpg,"[10, 24]"
clock_565.jpg,"[10, 25]"
clock_566.jpg,"[10, 26]"
clock_567.jpg,"[10, 27]"
clock_568.jpg,"[10, 28]"
clock_569.jpg,"[10, 29]"
clock_570.jpg,"[10, 30]"
clock_571.jpg,"[10, 31]"
clock_572.jpg,"[10, 32]"
clock_573.jpg,"[10, 33]"
clock_574.jpg,"[10, 34]"
clock_575.jpg,"[10, 35]"
clock_576.jpg,"[10, 36]"
clock_577.jpg,"[10, 37]"
clock_578.jpg,"[10, 38]"
clock_579.jpg,"[10, 39]"
clock_580.jpg,"[10, 40]"
clock_581.jpg,"[10, 41]"
clock_582.jpg,"[10, 42]"
clock_583.jpg,"[10, 43]"
clock_584.jpg,"[10, 44]"
clock_585.jpg,"[10, 45]"
clock_586.jpg,"[10, 46]"
clock_587.jpg,"[10, 47]"
clock_588.jpg,"[10, 48]"
clock_589.jpg,"[10, 49]"
clock_590.jpg,"[10, 50]"
clock_591.jpg,"[10, 51]"
clock_592.jpg,"[10, 52]"
clock_593.jpg,"[10, 53]"
clock_594.jpg,"[10, 54]"
clock_595.jpg,"[10, 55]"
clock_596.jpg,"[10, 56]"
clock_597.jpg,"[10, 57]"
clock_598.jpg,"[10, 58]"
clock_599.jpg,"[10, 59]"
clock_600.jpg,"[11, 0]"
clock_601.jpg,"[11, 1]"
clock_602.jpg,"[11, 2]"
clock_603.jpg,"[11, 3]"
clock_604.jpg,"[11, 4]"
clock_605.jpg,"[11, 5]"
clock_606.jpg,"[11, 6]"
clock_607.jpg,"[11, 7]"
clock_608.jpg,"[11, 8]"
clock_609.jpg,"[11, 9]"
clock_610.jpg,"[11, 10]"
clock_611.jpg,"[11, 11]"
clock_612.jpg,"[11, 12]"
clock_613.jpg,"[11, 13]"
clock_614.jpg,"[11, 14]"
clock_615.jpg,"[11, 15]"
clock_616.jpg,"[11, 16]"
clock_617.jpg,"[11, 17]"
clock_618.jpg,"[11, 18]"
clock_619.jpg,"[11, 19]"
clock_620.jpg,"[11, 20]"
clock_621.jpg,"[11, 21]"
clock_622.jpg,"[11, 22]"
clock_623.jpg,"[11, 23]"
clock_624.jpg,"[11, 24]"
clock_625.jpg,"[11, 25]"
clock_626.jpg,"[11, 26]"
clock_627.jpg,"[11, 27]"
clock_628.jpg,"[11, 28]"
clock_629.jpg,"[11, 29]"
clock_630.jpg,"[11, 30]"
clock_631.jpg,"[11, 31]"
clock_632.jpg,"[11, 32]"
clock_633.jpg,"[11, 33]"
clock_634.jpg,"[11, 34]"
clock_635.jpg,"[11, 35]"
clock_636.jpg,"[11, 36]"
clock_637.jpg,"[11, 37]"
clock_638.jpg,"[11, 38]"
clock_639.jpg,"[11, 39]"
clock_640.jpg,"[11, 40]"
clock_641.jpg,"[11, 41]"
clock_642.jpg,"[11, 42]"
clock_643.jpg,"[11, 43]"
clock_644.jpg,"[11, 44]"
clock_645.jpg,"[11, 45]"
clock_646.jpg,"[11, 46]"
clock_647.jpg,"[11, 47]"
clock_648.jpg,"[11, 48]"
clock_649.jpg,"[11, 49]"
clock_650.jpg,"[11, 50]"
clock_651.jpg,"[11, 51]"
clock_652.jpg,"[11, 52]"
clock_653.jpg,"[11, 53]"
clock_654.jpg,"[11, 54]"
clock_655.jpg,"[11, 55]"
clock_656.jpg,"[11, 56]"
clock_657.jpg,"[11, 57]"
clock_658.jpg,"[11, 58]"
clock_659.jpg,"[11, 59]"
clock_660.jpg,"[12, 0]"
clock_661.jpg,"[12, 1]"
clock_662.jpg,"[12, 2]"
clock_663.jpg,"[12, 3]"
clock_664.jpg,"[12, 4]"
clock_665.jpg,"[12, 5]"
clock_666.jpg,"[12, 6]"
clock_667.jpg,"[12, 7]"
clock_668.jpg,"[12, 8]"
clock_669.jpg,"[12, 9]"
clock_670.jpg,"[12, 10]"
clock_671.jpg,"[12, 11]"
clock_672.jpg,"[12, 12]"
clock_673.jpg,"[12, 13]"
clock_674.jpg,"[12, 14]"
clock_675.jpg,"[12, 15]"
clock_676.jpg,"[12, 16]"
clock_677.jpg,"[12, 17]"
clock_678.jpg,"[12, 18]"
clock_679.jpg,"[12, 19]"
clock_680.jpg,"[12, 20]"
clock_681.jpg,"[12, 21]"
clock_682.jpg,"[12, 22]"
clock_683.jpg,"[12, 23]"
clock_684.jpg,"[12, 24]"
clock_685.jpg,"[12, 25]"
clock_686.jpg,"[12, 26]"
clock_687.jpg,"[12, 27]"
clock_688.jpg,"[12, 28]"
clock_689.jpg,"[12, 29]"
clock_690.jpg,"[12, 30]"
clock_691.jpg,"[12, 31]"
clock_692.jpg,"[12, 32]"
clock_693.jpg,"[12, 33]"
clock_694.jpg,"[12, 34]"
clock_695.jpg,"[12, 35]"
clock_696.jpg,"[12, 36]"
clock_697.jpg,"[12, 37]"
clock_698.jpg,"[12, 38]"
clock_699.jpg,"[12, 39]"
clock_700.jpg,"[12, 40]"
clock_701.jpg,"[12, 41]"
clock_702.jpg,"[12, 42]"
clock_703.jpg,"[12, 43]"
clock_704.jpg,"[12, 44]"
clock_705.jpg,"[12, 45]"
clock_706.jpg,"[12, 46]"
clock_707.jpg,"[12, 47]"
clock_708.jpg,"[12, 48]"
clock_709.jpg,"[12, 49]"
clock_710.jpg,"[12, 50]"
clock_711.jpg,"[12, 51]"
clock_712.jpg,"[12, 52]"
clock_713.jpg,"[12, 53]"
clock_714.jpg,"[12, 54]"
clock_715.jpg,"[12, 55]"
clock_716.jpg,"[12, 56]"
clock_717.jpg,"[12, 57]"
clock_718.jpg,"[12, 58]"
clock_719.jpg,"[12, 59]"
